nfl_id,display_name,draft_overall_pick,combine_top_speed,combine_cut_min_speed,combine_speed_drop,combine_speed_retention,routes_run_count,avg_separation,avg_epa,avg_yac,career_games_started,pro_bowl_original_ballot,ap_all_pro_1st_team,KTD_Score
55887,Jalin Hyatt,73.0,6.2567,0.1102,6.1465,0.0176,14.0,4.7098,0.1245,3.85,11.0,0.0,0.0,1.30
55902,Justin Shorter,150.0,6.5600,0.2415,6.3185,0.0368,8.0,4.2233,0.0821,2.90,2.0,0.0,0.0,1.49
55912,Jordan Addison,23.0,6.3367,0.3012,6.0355,0.0475,42.0,3.6542,0.1980,4.21,28.0,0.0,0.0,1.65
55925,Marvin Mims,63.0,6.4333,0.1852,6.2481,0.0288,26.0,3.5810,0.1420,5.12,14.0,1.0,0.0,1.74
55938,Jayden Reed,50.0,6.8567,0.2210,6.6357,0.0322,38.0,3.8120,0.2110,4.89,24.0,0.0,0.0,1.74
55944,Tyler Scott,133.0,7.0267,0.2105,6.8162,0.0300,12.0,3.1200,0.0120,2.15,4.0,0.0,0.0,2.18
55955,Trey Palmer,191.0,7.0300,0.1950,6.8350,0.0277,19.0,3.2500,0.0540,3.40,8.0,0.0,0.0,2.10
58286,Devontez Walker,113.0,7.6267,0.2100,7.4167,0.0275,18.0,5.8282,0.1850,4.50,6.0,0.0,0.0,1.27
58310,Ricky White,238.0,7.2089,0.1500,7.0589,0.0208,11.0,6.6251,0.2310,5.80,3.0,0.0,0.0,1.06
58342,Jacolby George,,7.0440,0.1800,6.8640,0.0256,9.0,5.9132,0.1650,4.10,1.0,0.0,0.0,1.16
58968,Jack Bech,,7.5297,0.1120,7.4177,0.0149,15.0,3.4100,0.0410,2.80,0.0,0.0,0.0,2.17
58970,Traeshon Holden,,7.2869,0.1420,7.1449,0.0195,12.0,3.2200,0.0320,2.50,0.0,0.0,0.0,2.21
58974,Jayden Higgins,,7.2928,0.1300,7.1628,0.0178,14.0,3.3500,0.0450,2.90,0.0,0.0,0.0,2.13
58980,Ja'Corey Brooks,,7.9949,0.1600,7.8349,0.0200,10.0,3.1500,0.0210,2.10,0.0,0.0,0.0,2.48
